{"autoplayTransitionDelay":5,"author":"","timestamp":"2018-27-19 19:11:3","loopSlideshow":0,"filename":"Metro do Porto — Formative User Study","autoplayBuildDelay":2,"comment":"","title":"Metro do Porto — Formative User Study","showMode":0,"creator":"Apple Keynote 8.3","slideList":["F63544F9-3F1E-425C-81D6-043FCBBBBDF1","9A8622A9-FF52-4A15-A66E-A0D9CCDE4E29","83D866BF-3EAE-4FE5-AA43-B35889A537DC","927A448D-F724-46BB-897E-287670E46770","59967588-75D4-43AF-AC4B-9168A2A3C81B","AF18B482-FFD8-4AB8-8E25-3D76A972C4E5","EAC11731-8BAC-47C4-AAEB-E64A27A03A2C","1BB3A9BE-9CAC-417D-946B-46B6652163FC","5507D37A-0E02-43B7-91ED-73F62C45F536","1C6A78D7-BBD7-4743-955C-682C8BA67A03","A7D9E5B0-A046-45AC-BA3B-D691C8D65F55","3CAA4200-32A4-4F1E-A7B7-FBA1048CBBBE","4DE3133B-6120-4DBB-8405-3DF91375828E","451FEDB0-73D7-40B7-921E-4B335E3BF506","6F919F64-8326-47BF-B4B3-56A92D41FDD1","2974AF7D-59EE-463D-95DF-E5E4C519A753","3C6B30A5-EFED-4177-8619-F674B063AD0C","CAD9678B-2A8F-48CB-A961-DE971F20EAB2"],"soundtrack":{"mode":0,"volume":1},"slideWidth":1024,"slideHeight":768,"slideCount":18,"majorVersion":1,"minorVersion":2,"fonts":["Avenir-Book","GillSans","Avenir-Medium","HelveticaNeue-Medium","HelveticaNeue","Helvetica","Avenir-Light"]}