{"autoplayTransitionDelay":5,"author":"","timestamp":"2018-44-12 11:10:5","loopSlideshow":0,"filename":"Metro do Porto — Business Model","autoplayBuildDelay":2,"comment":"","title":"Metro do Porto — Business Model","showMode":0,"creator":"Apple Keynote 8.2","slideList":["F63544F9-3F1E-425C-81D6-043FCBBBBDF1","9A8622A9-FF52-4A15-A66E-A0D9CCDE4E29","CEE7B398-E88F-4316-82BC-85AB8F37A642","ACA40551-E7ED-44C6-AF00-228182095D26","8A294663-EBE2-4B0D-90F6-44C95FED6E5D","30D3043B-6FF7-4C8A-9B6D-09491E608C82","C535BD37-AC6F-495A-9942-5CC91EABA032","4C2B53ED-BC13-4E65-B681-6E6B2C18F4FB","8430D4A3-7948-42B3-AC1C-B04E2C5BCD4E","E56D2DFE-BEFA-4E53-8294-2C37DB13306C","B4315032-01C9-4E9A-BD2D-EDD4FD7B5795","4A04BA64-1AC1-4E71-8EFD-E893D87512B3","B1BA200C-6068-43E1-8DF0-A99C4B2691AA","89DA5954-1127-460A-820A-1AB8AAC485BB"],"soundtrack":{"mode":0,"volume":1},"slideWidth":1024,"slideHeight":768,"slideCount":14,"majorVersion":1,"minorVersion":2,"fonts":["Avenir-Book","GillSans","Avenir-Medium","HelveticaNeue","Helvetica","Avenir-Light"]}