{"assets":{"8BC3381592AAD8014300189D952008AD":{"type":"texture","index":0,"assetRequest":{"type":"slide","state":"contents","slide":"none"},"url":{"native":"assets\/0E3D9BCD-6E3E-4B1A-92CA-D62662E83FE7.pdf"},"width":1024,"height":768},"B1F07607D9B4FFCF0E415962EAB0B642":{"type":"texture","index":1,"assetRequest":{"type":"slide","state":"contents","slide":"none"},"url":{"native":"assets\/0E3D9BCD-6E3E-4B1A-92CA-D62662E83FE7.pdf"},"width":1024,"height":768}},"events":[{"effects":[{"beginTime":0,"baseLayer":{"animations":[],"initialState":{"affineTransform":[1,0,0,1,0,0],"masksToBounds":false,"rotation":0,"scale":1,"position":{"pointX":512,"pointY":384},"width":1024,"sublayerTransform":[1,0,0,0,0,1,0,0,0,0,1,0,0,0,0,1],"contentsRect":{"y":0,"x":0,"width":1,"height":1},"opacity":1,"edgeAntialiasingMask":251658240,"height":768,"hidden":false,"anchorPoint":{"pointX":0.5,"pointY":0.5}},"objectID":"0","layers":[{"animations":[],"initialState":{"affineTransform":[1,0,0,1,0,0],"masksToBounds":false,"rotation":0,"scale":1,"position":{"pointX":512,"pointY":384},"width":1024,"sublayerTransform":[1,0,0,0,0,1,0,0,0,0,1,-0.00049229876906403734,0,0,0,1],"contentsRect":{"y":0,"x":0,"width":1,"height":1},"opacity":1,"edgeAntialiasingMask":251658240,"height":768,"hidden":false,"anchorPoint":{"pointX":0.5,"pointY":0.5}},"layers":[{"animations":[{"timeOffset":0,"beginTime":0,"repeatCount":0,"animations":[{"timeOffset":0,"from":{"scalar":0.5},"beginTime":0,"repeatCount":0,"fillMode":"both","duration":0.22499999999999998,"autoreverses":false,"timingFunction":"EaseOut","property":"opacity","to":{"scalar":1}},{"timeOffset":0,"from":{"scalar":false},"beginTime":0,"repeatCount":0,"fillMode":"removed","property":"doubleSided","autoreverses":false,"duration":1.5,"to":{"scalar":false}},{"timeOffset":0,"timingFunctions":[{"timingFunction":"custom","timingControlPoint1y":0,"timingControlPoint2x":0.6983528733253479,"timingControlPoint1x":0.30636021494865417,"timingControlPoint2y":1},{"timingFunction":"custom","timingControlPoint1y":0,"timingControlPoint2x":0.69753515720367432,"timingControlPoint1x":0.29726776480674744,"timingControlPoint2y":1},{"timingFunction":"custom","timingControlPoint1y":0,"timingControlPoint2x":0.70256143808364868,"timingControlPoint1x":0.30822962522506714,"timingControlPoint2y":1},{"timingFunction":"custom","timingControlPoint1y":0,"timingControlPoint2x":0.69328594207763672,"timingControlPoint1x":0.29690060019493103,"timingControlPoint2y":1}],"beginTime":0,"values":[{"scalar":1.5707963267948966},{"scalar":1.6707963267948966},{"scalar":-0.10000000000000001},{"scalar":0.029999999999999999},{"scalar":-0}],"repeatCount":0,"fillMode":"removed","property":"transform.rotation.y","autoreverses":false,"duration":1.5,"keyTimes":[0,0.14999999999999999,0.55000000000000004,0.77500000000000002,1]},{"timeOffset":0,"from":{"scalar":-512},"beginTime":0,"repeatCount":0,"fillMode":"removed","property":"transform.translation.z","autoreverses":false,"duration":1.5,"to":{"scalar":-512}},{"timeOffset":0,"from":{"scalar":-512},"beginTime":0,"repeatCount":0,"fillMode":"removed","property":"anchorPointZ","autoreverses":false,"duration":1.5,"to":{"scalar":-512}}],"fillMode":"both","autoreverses":false,"duration":1.5}],"layers":[],"texturedRectangle":{"isBackgroundTexture":false,"singleTextureOpacity":1,"textureType":0,"textBaseline":0,"textXHeight":0,"isVerticalText":false},"initialState":{"affineTransform":[1,0,0,1,0,0],"masksToBounds":false,"rotation":0,"scale":1,"position":{"pointX":512,"pointY":384},"width":1024,"sublayerTransform":[1,0,0,0,0,1,0,0,0,0,1,0,0,0,0,1],"contentsRect":{"y":0,"x":0,"width":1,"height":1},"opacity":1,"edgeAntialiasingMask":0,"height":768,"hidden":false,"anchorPoint":{"pointX":0.5,"pointY":0.5}},"texture":"B1F07607D9B4FFCF0E415962EAB0B642"},{"animations":[{"timeOffset":0,"beginTime":0,"repeatCount":0,"animations":[{"timeOffset":0,"from":{"scalar":1},"beginTime":0.22499999999999998,"repeatCount":0,"fillMode":"both","duration":0.82500000000000007,"autoreverses":false,"timingFunction":"EaseIn","property":"opacity","to":{"scalar":0}},{"timeOffset":0,"from":{"scalar":false},"beginTime":0,"repeatCount":0,"fillMode":"removed","property":"doubleSided","autoreverses":false,"duration":1.5,"to":{"scalar":false}},{"timeOffset":0,"timingFunctions":[{"timingFunction":"custom","timingControlPoint1y":0,"timingControlPoint2x":0.6983528733253479,"timingControlPoint1x":0.30636021494865417,"timingControlPoint2y":1},{"timingFunction":"custom","timingControlPoint1y":0,"timingControlPoint2x":0.69753515720367432,"timingControlPoint1x":0.29726776480674744,"timingControlPoint2y":1},{"timingFunction":"custom","timingControlPoint1y":0,"timingControlPoint2x":0.70256143808364868,"timingControlPoint1x":0.30822962522506714,"timingControlPoint2y":1},{"timingFunction":"custom","timingControlPoint1y":0,"timingControlPoint2x":0.69328594207763672,"timingControlPoint1x":0.29690060019493103,"timingControlPoint2y":1}],"beginTime":0,"values":[{"scalar":-0},{"scalar":0.10000000000000001},{"scalar":-1.6707963267948966},{"scalar":-1.5407963267948965},{"scalar":-1.5707963267948966}],"repeatCount":0,"fillMode":"removed","property":"transform.rotation.y","autoreverses":false,"duration":1.5,"keyTimes":[0,0.14999999999999999,0.55000000000000004,0.77500000000000002,1]},{"timeOffset":0,"from":{"scalar":-512},"beginTime":0,"repeatCount":0,"fillMode":"removed","property":"transform.translation.z","autoreverses":false,"duration":1.5,"to":{"scalar":-512}},{"timeOffset":0,"from":{"scalar":-512},"beginTime":0,"repeatCount":0,"fillMode":"removed","property":"anchorPointZ","autoreverses":false,"duration":1.5,"to":{"scalar":-512}}],"fillMode":"both","autoreverses":false,"duration":1.5}],"layers":[],"texturedRectangle":{"isBackgroundTexture":false,"singleTextureOpacity":1,"textureType":0,"textBaseline":0,"textXHeight":0,"isVerticalText":false},"initialState":{"affineTransform":[1,0,0,1,0,0],"masksToBounds":false,"rotation":0,"scale":1,"position":{"pointX":512,"pointY":384},"width":1024,"sublayerTransform":[1,0,0,0,0,1,0,0,0,0,1,0,0,0,0,1],"contentsRect":{"y":0,"x":0,"width":1,"height":1},"opacity":1,"edgeAntialiasingMask":0,"height":768,"hidden":false,"anchorPoint":{"pointX":0.5,"pointY":0.5}},"texture":"8BC3381592AAD8014300189D952008AD"}]}]},"effects":[],"duration":1.5,"type":"transition","name":"apple:3D-cube","objectID":"0"}],"automaticPlay":false,"hyperlinks":[],"accessibility":[{"text":"desconhecido.png","targetRectangle":{"y":32.747241973876953,"x":173.59219360351562,"width":676.81561279296875,"height":312.15206909179688}},{"text":"desconhecido.png","targetRectangle":{"y":374.76763916015625,"x":174.76116943359375,"width":674.4776611328125,"height":349.8367919921875}}],"baseLayer":{"animations":[],"initialState":{"affineTransform":[1,0,0,1,0,0],"masksToBounds":false,"rotation":0,"scale":1,"position":{"pointX":512,"pointY":384},"width":1024,"sublayerTransform":[1,0,0,0,0,1,0,0,0,0,1,0,0,0,0,1],"contentsRect":{"y":0,"x":0,"width":1,"height":1},"opacity":1,"edgeAntialiasingMask":251658240,"height":768,"hidden":false,"anchorPoint":{"pointX":0.5,"pointY":0.5}},"objectID":"0","layers":[{"animations":[],"initialState":{"affineTransform":[1,0,0,1,0,0],"masksToBounds":false,"rotation":0,"scale":1,"position":{"pointX":512,"pointY":384},"width":1024,"sublayerTransform":[1,0,0,0,0,1,0,0,0,0,1,-0.00049229876906403734,0,0,0,1],"contentsRect":{"y":0,"x":0,"width":1,"height":1},"opacity":1,"edgeAntialiasingMask":251658240,"height":768,"hidden":false,"anchorPoint":{"pointX":0.5,"pointY":0.5}},"layers":[{"animations":[],"layers":[],"texturedRectangle":{"isBackgroundTexture":false,"singleTextureOpacity":1,"textureType":0,"textBaseline":0,"textXHeight":0,"isVerticalText":false},"initialState":{"affineTransform":[1,0,0,1,0,0],"masksToBounds":false,"rotation":0,"scale":1,"position":{"pointX":512,"pointY":384},"width":1024,"sublayerTransform":[1,0,0,0,0,1,0,0,0,0,1,0,0,0,0,1],"contentsRect":{"y":0,"x":0,"width":1,"height":1},"opacity":1,"edgeAntialiasingMask":0,"height":768,"hidden":false,"anchorPoint":{"pointX":0.5,"pointY":0.5}},"texture":"8BC3381592AAD8014300189D952008AD"}]}]}}]}