{"autoplayTransitionDelay":5,"author":"","timestamp":"2018-55-30 3:11:9","loopSlideshow":0,"filename":"Metro do Porto — \t Functional Prototype","autoplayBuildDelay":2,"comment":"","title":"Metro do Porto — \t Functional Prototype","showMode":0,"creator":"Apple Keynote 8.3","slideList":["F63544F9-3F1E-425C-81D6-043FCBBBBDF1","9A8622A9-FF52-4A15-A66E-A0D9CCDE4E29","83D866BF-3EAE-4FE5-AA43-B35889A537DC","5716807D-DE20-478B-91B8-307CA10D1DB1","20F4DAC9-7627-4401-91E1-E1BD10FCDA97","77DA321D-1379-46A5-BAC2-91DC253FBA15","85C5234B-7CA1-4243-8C8C-3F0913CCF769","925EBEE4-46B7-45AB-B485-199C988CE480","CC301D37-81F4-44A3-B4B3-A8C80191A4BD","1880F12A-0B0F-4D4A-B27C-284BB55EC550","F689FE30-C3B2-40A9-B217-C906111D1BDF"],"soundtrack":{"mode":0,"volume":1},"slideWidth":1024,"slideHeight":768,"slideCount":11,"majorVersion":1,"minorVersion":2,"fonts":["Avenir-Book","GillSans","Avenir-Medium","HelveticaNeue","Helvetica","Avenir-Light"]}