{"assets":{"B6FD4F6A50A6C7A3CBBA7E19414C919B":{"type":"texture","index":5,"assetRequest":{"type":"slide","state":"contents","slide":"none"},"url":{"native":"assets\/AF18B482-FFD8-4AB8-8E25-3D76A972C4E5.pdf"},"width":535,"height":447},"68E480F0EDFFB326E69646D6E7A441FF":{"type":"texture","index":1,"assetRequest":{"type":"slide","state":"contents","slide":"none"},"url":{"native":"assets\/AF18B482-FFD8-4AB8-8E25-3D76A972C4E5.pdf"},"width":402,"height":42},"A30FF2F5BF19AB7F2E40214551C1147E":{"type":"texture","index":4,"assetRequest":{"type":"slide","state":"contents","slide":"none"},"url":{"native":"assets\/AF18B482-FFD8-4AB8-8E25-3D76A972C4E5.pdf"},"width":258,"height":43},"2F47EF0E4BBEBBFC8BF4557D27D6A183":{"type":"texture","index":3,"assetRequest":{"type":"slide","state":"contents","slide":"none"},"url":{"native":"assets\/AF18B482-FFD8-4AB8-8E25-3D76A972C4E5.pdf"},"width":310,"height":580},"DB8451458D98EFA7506DBEBC2B1323F0":{"type":"texture","index":0,"assetRequest":{"type":"slide","state":"contents","slide":"none"},"url":{"native":"assets\/AF18B482-FFD8-4AB8-8E25-3D76A972C4E5.pdf"},"width":1024,"height":768},"562CFB63B5AD76CCD52D71D7DD2A4C9F":{"type":"texture","index":2,"assetRequest":{"type":"slide","state":"contents","slide":"none"},"url":{"native":"assets\/AF18B482-FFD8-4AB8-8E25-3D76A972C4E5.pdf"},"width":485,"height":431},"231DC1E9F6205BE070C58A093B82724A":{"type":"texture","index":6,"assetRequest":{"type":"slide","state":"contents","slide":"none"},"url":{"native":"assets\/AF18B482-FFD8-4AB8-8E25-3D76A972C4E5.pdf"},"width":339,"height":488}},"events":[{"effects":[{"beginTime":0,"baseLayer":{"animations":[],"initialState":{"affineTransform":[1,0,0,1,0,0],"masksToBounds":false,"rotation":0,"scale":1,"position":{"pointX":512,"pointY":384},"width":1024,"sublayerTransform":[1,0,0,0,0,1,0,0,0,0,1,0,0,0,0,1],"contentsRect":{"y":0,"x":0,"width":1,"height":1},"opacity":1,"edgeAntialiasingMask":251658240,"height":768,"hidden":false,"anchorPoint":{"pointX":0.5,"pointY":0.5}},"objectID":"0","layers":[{"animations":[],"initialState":{"affineTransform":[1,0,0,1,0,0],"masksToBounds":false,"rotation":0,"scale":1,"position":{"pointX":512,"pointY":384},"width":1024,"sublayerTransform":[1,0,0,0,0,1,0,0,0,0,1,-0.00049229876906403734,0,0,0,1],"contentsRect":{"y":0,"x":0,"width":1,"height":1},"opacity":1,"edgeAntialiasingMask":251658240,"height":768,"hidden":false,"anchorPoint":{"pointX":0.5,"pointY":0.5}},"layers":[{"animations":[],"initialState":{"affineTransform":[1,0,0,1,0,0],"masksToBounds":false,"rotation":0,"scale":1,"position":{"pointX":512,"pointY":384},"width":1024,"sublayerTransform":[1,0,0,0,0,1,0,0,0,0,1,0,0,0,0,1],"contentsRect":{"y":0,"x":0,"width":1,"height":1},"opacity":1,"edgeAntialiasingMask":251658240,"height":768,"hidden":false,"anchorPoint":{"pointX":0.5,"pointY":0.5}},"layers":[{"animations":[],"layers":[],"texturedRectangle":{"isBackgroundTexture":true,"singleTextureOpacity":1,"textureType":1,"textBaseline":0,"textXHeight":0,"isVerticalText":false},"initialState":{"affineTransform":[1,0,0,1,0,0],"masksToBounds":false,"rotation":0,"scale":1,"position":{"pointX":512,"pointY":384},"width":1024,"sublayerTransform":[1,0,0,0,0,1,0,0,0,0,1,0,0,0,0,1],"contentsRect":{"y":0,"x":0,"width":1,"height":1},"opacity":1,"edgeAntialiasingMask":0,"height":768,"hidden":false,"anchorPoint":{"pointX":0.5,"pointY":0.5}},"texture":"DB8451458D98EFA7506DBEBC2B1323F0"}]},{"animations":[],"initialState":{"affineTransform":[1,0,0,1,0,0],"masksToBounds":false,"rotation":0,"scale":1,"position":{"pointX":512,"pointY":384},"width":1024,"sublayerTransform":[1,0,0,0,0,1,0,0,0,0,1,0,0,0,0,1],"contentsRect":{"y":0,"x":0,"width":1,"height":1},"opacity":1,"edgeAntialiasingMask":251658240,"height":768,"hidden":false,"anchorPoint":{"pointX":0.5,"pointY":0.5}},"layers":[{"animations":[{"timeOffset":0,"from":{"scalar":1},"beginTime":0,"repeatCount":0,"fillMode":"both","duration":2,"autoreverses":false,"timingFunction":"EaseInEaseOut","property":"opacity","to":{"scalar":0}}],"layers":[],"texturedRectangle":{"isBackgroundTexture":true,"singleTextureOpacity":1,"textureType":1,"textBaseline":0,"textXHeight":0,"isVerticalText":false},"initialState":{"affineTransform":[1,0,0,1,0,0],"masksToBounds":false,"rotation":0,"scale":1,"position":{"pointX":512,"pointY":384},"width":1024,"sublayerTransform":[1,0,0,0,0,1,0,0,0,0,1,0,0,0,0,1],"contentsRect":{"y":0,"x":0,"width":1,"height":1},"opacity":1,"edgeAntialiasingMask":0,"height":768,"hidden":false,"anchorPoint":{"pointX":0.5,"pointY":0.5}},"texture":"DB8451458D98EFA7506DBEBC2B1323F0"}]}]},{"animations":[],"initialState":{"affineTransform":[1,0,0,1,0,0],"masksToBounds":false,"rotation":0,"scale":1,"position":{"pointX":660.57789500828255,"pointY":153.31603454652512},"width":402,"sublayerTransform":[1,0,0,0,0,1,0,0,0,0,1,0,0,0,0,1],"contentsRect":{"y":0,"x":0,"width":1,"height":1},"opacity":1,"edgeAntialiasingMask":251658240,"height":42,"hidden":false,"anchorPoint":{"pointX":0.5,"pointY":0.5}},"layers":[{"animations":[],"initialState":{"affineTransform":[1,0,0,1,0,0],"masksToBounds":false,"rotation":0,"scale":1,"position":{"pointX":52.422104991717447,"pointY":251.68396545347488},"width":402,"sublayerTransform":[1,0,0,0,0,1,0,0,0,0,1,-0.00049229876906403734,0,0,0,1],"contentsRect":{"y":0,"x":0,"width":1,"height":1},"opacity":1,"edgeAntialiasingMask":251658240,"height":42,"hidden":false,"anchorPoint":{"pointX":0.13040324624805336,"pointY":5.9924753679398783}},"layers":[{"animations":[{"timeOffset":0,"beginTime":0,"repeatCount":0,"animations":[{"timeOffset":0,"timingFunctions":[{"timingFunction":"custom","timingControlPoint1y":0,"timingControlPoint2x":0.72000002861022949,"timingControlPoint1x":0.43000000715255737,"timingControlPoint2y":1},{"timingFunction":"custom","timingControlPoint1y":0,"timingControlPoint2x":1,"timingControlPoint1x":0.17000000178813934,"timingControlPoint2y":1},{"timingFunction":"custom","timingControlPoint1y":0,"timingControlPoint2x":0.56999999284744263,"timingControlPoint1x":0.2800000011920929,"timingControlPoint2y":1}],"beginTime":0,"values":[{"scalar":0},{"scalar":1.0471975511965976},{"scalar":1.0471975511965976},{"scalar":0}],"repeatCount":0,"fillMode":"forwards","property":"transform.rotation.y","autoreverses":false,"duration":2,"keyTimes":[0,0.29999999999999999,0.69999999999999996,1]},{"timeOffset":0,"timingFunctions":[{"timingFunction":"custom","timingControlPoint1y":0,"timingControlPoint2x":0.75,"timingControlPoint1x":0.75,"timingControlPoint2y":1},{"timingFunction":"custom","timingControlPoint1y":0,"timingControlPoint2x":1,"timingControlPoint1x":0.17000000178813934,"timingControlPoint2y":1},{"timingFunction":"custom","timingControlPoint1y":0,"timingControlPoint2x":0.25,"timingControlPoint1x":0.25,"timingControlPoint2y":1}],"beginTime":0,"values":[{"scalar":0},{"scalar":0.78539816339744828},{"scalar":0.78539816339744828},{"scalar":0}],"repeatCount":0,"fillMode":"forwards","property":"transform.rotation.x","autoreverses":false,"duration":2,"keyTimes":[0,0.29999999999999999,0.69999999999999996,1]},{"timeOffset":0,"timingFunctions":[{"timingFunction":"custom","timingControlPoint1y":0,"timingControlPoint2x":0.72000002861022949,"timingControlPoint1x":0.43000000715255737,"timingControlPoint2y":1},{"timingFunction":"custom","timingControlPoint1y":0,"timingControlPoint2x":1,"timingControlPoint1x":0.17000000178813934,"timingControlPoint2y":1},{"timingFunction":"custom","timingControlPoint1y":0,"timingControlPoint2x":0.56999999284744263,"timingControlPoint1x":0.2800000011920929,"timingControlPoint2y":1}],"beginTime":0,"values":[{"scalar":1},{"scalar":0.80000000000000004},{"scalar":0.80000000000000004},{"scalar":1}],"repeatCount":0,"fillMode":"removed","property":"transform.scale.xy","autoreverses":false,"duration":2,"keyTimes":[0,0.29999999999999999,0.69999999999999996,1]},{"timeOffset":0,"timingFunctions":[{"timingFunction":"EaseInEaseOut"},{"timingFunction":"custom","timingControlPoint1y":0,"timingControlPoint2x":1,"timingControlPoint1x":0.17000000178813934,"timingControlPoint2y":1}],"beginTime":0,"values":[{"pointX":0,"pointY":0},{"pointX":-23.013315748757616,"pointY":30.497405181978767},{"pointX":-2048,"pointY":0}],"repeatCount":0,"fillMode":"both","property":"transform.translation","autoreverses":false,"duration":2,"keyTimes":[0,0.29999999999999999,0.90000000000000002]},{"repeatCount":0,"timingControlPoint2y":1,"timingFunction":"custom","keyTimes":[0.29999999999999999,1],"values":[{"scalar":1},{"scalar":0}],"timeOffset":0,"autoreverses":false,"timingControlPoint1x":0.43000000715255737,"fillMode":"both","property":"opacity","duration":2,"beginTime":0,"timingControlPoint2x":0.72000002861022949,"timingControlPoint1y":0},{"timeOffset":0,"from":{"scalar":false},"beginTime":0,"repeatCount":0,"fillMode":"both","property":"hidden","autoreverses":false,"duration":2,"to":{"scalar":false}}],"fillMode":"both","autoreverses":false,"duration":2}],"layers":[],"texturedRectangle":{"singleTextureOpacity":1,"textXHeight":0.44,"textBaseline":0.73038433258095514,"isBackgroundTexture":true,"isVerticalText":false,"textColor":[0.9999966025352478,0.99999994039535522,0.99999994039535522,1],"textureType":6},"initialState":{"affineTransform":[1,0,0,1,0,0],"masksToBounds":false,"rotation":0,"scale":1,"position":{"pointX":203.42210499171745,"pointY":34.683965453474883},"width":402,"sublayerTransform":[1,0,0,0,0,1,0,0,0,0,1,0,0,0,0,1],"contentsRect":{"y":0,"x":0,"width":1,"height":1},"opacity":1,"edgeAntialiasingMask":0,"height":42,"hidden":false,"anchorPoint":{"pointX":0.5,"pointY":0.5}},"texture":"68E480F0EDFFB326E69646D6E7A441FF"}]}]},{"animations":[],"initialState":{"affineTransform":[1,0,0,1,0,0],"masksToBounds":false,"rotation":0,"scale":1,"position":{"pointX":705.4202846699734,"pointY":435.69243322331596},"width":485,"sublayerTransform":[1,0,0,0,0,1,0,0,0,0,1,0,0,0,0,1],"contentsRect":{"y":0,"x":0,"width":1,"height":1},"opacity":1,"edgeAntialiasingMask":251658240,"height":431,"hidden":false,"anchorPoint":{"pointX":0.5,"pointY":0.5}},"layers":[{"animations":[],"initialState":{"affineTransform":[1,0,0,1,0,0],"masksToBounds":false,"rotation":0,"scale":1,"position":{"pointX":49.079715330026602,"pointY":163.80756677668404},"width":485,"sublayerTransform":[1,0,0,0,0,1,0,0,0,0,1,-0.00049229876906403734,0,0,0,1],"contentsRect":{"y":0,"x":0,"width":1,"height":1},"opacity":1,"edgeAntialiasingMask":251658240,"height":431,"hidden":false,"anchorPoint":{"pointX":0.10119528934026104,"pointY":0.38006396003871007}},"layers":[{"animations":[{"timeOffset":0,"beginTime":0,"repeatCount":0,"animations":[{"timeOffset":0,"timingFunctions":[{"timingFunction":"custom","timingControlPoint1y":0,"timingControlPoint2x":0.72000002861022949,"timingControlPoint1x":0.43000000715255737,"timingControlPoint2y":1},{"timingFunction":"custom","timingControlPoint1y":0,"timingControlPoint2x":1,"timingControlPoint1x":0.17000000178813934,"timingControlPoint2y":1},{"timingFunction":"custom","timingControlPoint1y":0,"timingControlPoint2x":0.56999999284744263,"timingControlPoint1x":0.2800000011920929,"timingControlPoint2y":1}],"beginTime":0,"values":[{"scalar":0},{"scalar":1.0471975511965976},{"scalar":1.0471975511965976},{"scalar":0}],"repeatCount":0,"fillMode":"forwards","property":"transform.rotation.y","autoreverses":false,"duration":2,"keyTimes":[0,0.29999999999999999,0.69999999999999996,1]},{"timeOffset":0,"timingFunctions":[{"timingFunction":"custom","timingControlPoint1y":0,"timingControlPoint2x":0.75,"timingControlPoint1x":0.75,"timingControlPoint2y":1},{"timingFunction":"custom","timingControlPoint1y":0,"timingControlPoint2x":1,"timingControlPoint1x":0.17000000178813934,"timingControlPoint2y":1},{"timingFunction":"custom","timingControlPoint1y":0,"timingControlPoint2x":0.25,"timingControlPoint1x":0.25,"timingControlPoint2y":1}],"beginTime":0,"values":[{"scalar":0},{"scalar":0.78539816339744828},{"scalar":0.78539816339744828},{"scalar":0}],"repeatCount":0,"fillMode":"forwards","property":"transform.rotation.x","autoreverses":false,"duration":2,"keyTimes":[0,0.29999999999999999,0.69999999999999996,1]},{"timeOffset":0,"timingFunctions":[{"timingFunction":"custom","timingControlPoint1y":0,"timingControlPoint2x":0.72000002861022949,"timingControlPoint1x":0.43000000715255737,"timingControlPoint2y":1},{"timingFunction":"custom","timingControlPoint1y":0,"timingControlPoint2x":1,"timingControlPoint1x":0.17000000178813934,"timingControlPoint2y":1},{"timingFunction":"custom","timingControlPoint1y":0,"timingControlPoint2x":0.56999999284744263,"timingControlPoint1x":0.2800000011920929,"timingControlPoint2y":1}],"beginTime":0,"values":[{"scalar":1},{"scalar":0.80000000000000004},{"scalar":0.80000000000000004},{"scalar":1}],"repeatCount":0,"fillMode":"removed","property":"transform.scale.xy","autoreverses":false,"duration":2,"keyTimes":[0,0.29999999999999999,0.69999999999999996,1]},{"timeOffset":0,"timingFunctions":[{"timingFunction":"EaseInEaseOut"},{"timingFunction":"custom","timingControlPoint1y":0,"timingControlPoint2x":1,"timingControlPoint1x":0.17000000178813934,"timingControlPoint2y":1}],"beginTime":0,"values":[{"pointX":0,"pointY":0},{"pointX":-29.936957299503973,"pointY":-9.1961350165026055},{"pointX":0,"pointY":-768}],"repeatCount":0,"fillMode":"both","property":"transform.translation","autoreverses":false,"duration":2,"keyTimes":[0,0.29999999999999999,0.90000000000000002]},{"repeatCount":0,"timingControlPoint2y":1,"timingFunction":"custom","keyTimes":[0.29999999999999999,1],"values":[{"scalar":1},{"scalar":0}],"timeOffset":0,"autoreverses":false,"timingControlPoint1x":0.43000000715255737,"fillMode":"both","property":"opacity","duration":2,"beginTime":0,"timingControlPoint2x":0.72000002861022949,"timingControlPoint1y":0},{"timeOffset":0,"from":{"scalar":false},"beginTime":0,"repeatCount":0,"fillMode":"both","property":"hidden","autoreverses":false,"duration":2,"to":{"scalar":false}}],"fillMode":"both","autoreverses":false,"duration":2}],"layers":[],"texturedRectangle":{"singleTextureOpacity":1,"textXHeight":0.031183294663573086,"textBaseline":1.0880383025954257,"isBackgroundTexture":true,"isVerticalText":false,"textColor":[0.9999966025352478,0.99999994039535522,0.99999994039535522,1],"textureType":6},"initialState":{"affineTransform":[1,0,0,1,0,0],"masksToBounds":false,"rotation":0,"scale":1,"position":{"pointX":245.57971533002654,"pointY":220.30756677668404},"width":485,"sublayerTransform":[1,0,0,0,0,1,0,0,0,0,1,0,0,0,0,1],"contentsRect":{"y":0,"x":0,"width":1,"height":1},"opacity":1,"edgeAntialiasingMask":0,"height":431,"hidden":false,"anchorPoint":{"pointX":0.5,"pointY":0.5}},"texture":"562CFB63B5AD76CCD52D71D7DD2A4C9F"}]}]},{"animations":[],"initialState":{"affineTransform":[1,0,0,1,0,0],"masksToBounds":false,"rotation":0,"scale":1,"position":{"pointX":253.26689554420301,"pointY":385.56536860537346},"width":310,"sublayerTransform":[1,0,0,0,0,1,0,0,0,0,1,0,0,0,0,1],"contentsRect":{"y":0,"x":0,"width":1,"height":1},"opacity":1,"edgeAntialiasingMask":251658240,"height":580,"hidden":false,"anchorPoint":{"pointX":0.5,"pointY":0.5}},"layers":[{"animations":[],"initialState":{"affineTransform":[1,0,0,1,0,0],"masksToBounds":false,"rotation":0,"scale":1,"position":{"pointX":413.73310445579699,"pointY":288.43463139462654},"width":310,"sublayerTransform":[1,0,0,0,0,1,0,0,0,0,1,-0.00049229876906403734,0,0,0,1],"contentsRect":{"y":0,"x":0,"width":1,"height":1},"opacity":1,"edgeAntialiasingMask":251658240,"height":580,"hidden":false,"anchorPoint":{"pointX":1.3346229175993451,"pointY":0.49730108861142508}},"layers":[{"animations":[{"timeOffset":0,"beginTime":0,"repeatCount":0,"animations":[{"timeOffset":0,"timingFunctions":[{"timingFunction":"custom","timingControlPoint1y":0,"timingControlPoint2x":0.72000002861022949,"timingControlPoint1x":0.43000000715255737,"timingControlPoint2y":1},{"timingFunction":"custom","timingControlPoint1y":0,"timingControlPoint2x":1,"timingControlPoint1x":0.17000000178813934,"timingControlPoint2y":1},{"timingFunction":"custom","timingControlPoint1y":0,"timingControlPoint2x":0.56999999284744263,"timingControlPoint1x":0.2800000011920929,"timingControlPoint2y":1}],"beginTime":0,"values":[{"scalar":0},{"scalar":1.0471975511965976},{"scalar":1.0471975511965976},{"scalar":0}],"repeatCount":0,"fillMode":"forwards","property":"transform.rotation.y","autoreverses":false,"duration":2,"keyTimes":[0,0.29999999999999999,0.69999999999999996,1]},{"timeOffset":0,"timingFunctions":[{"timingFunction":"custom","timingControlPoint1y":0,"timingControlPoint2x":0.75,"timingControlPoint1x":0.75,"timingControlPoint2y":1},{"timingFunction":"custom","timingControlPoint1y":0,"timingControlPoint2x":1,"timingControlPoint1x":0.17000000178813934,"timingControlPoint2y":1},{"timingFunction":"custom","timingControlPoint1y":0,"timingControlPoint2x":0.25,"timingControlPoint1x":0.25,"timingControlPoint2y":1}],"beginTime":0,"values":[{"scalar":0},{"scalar":0.78539816339744828},{"scalar":0.78539816339744828},{"scalar":0}],"repeatCount":0,"fillMode":"forwards","property":"transform.rotation.x","autoreverses":false,"duration":2,"keyTimes":[0,0.29999999999999999,0.69999999999999996,1]},{"timeOffset":0,"timingFunctions":[{"timingFunction":"custom","timingControlPoint1y":0,"timingControlPoint2x":0.72000002861022949,"timingControlPoint1x":0.43000000715255737,"timingControlPoint2y":1},{"timingFunction":"custom","timingControlPoint1y":0,"timingControlPoint2x":1,"timingControlPoint1x":0.17000000178813934,"timingControlPoint2y":1},{"timingFunction":"custom","timingControlPoint1y":0,"timingControlPoint2x":0.56999999284744263,"timingControlPoint1x":0.2800000011920929,"timingControlPoint2y":1}],"beginTime":0,"values":[{"scalar":1},{"scalar":0.80000000000000004},{"scalar":0.80000000000000004},{"scalar":1}],"repeatCount":0,"fillMode":"removed","property":"transform.scale.xy","autoreverses":false,"duration":2,"keyTimes":[0,0.29999999999999999,0.69999999999999996,1]},{"timeOffset":0,"timingFunctions":[{"timingFunction":"EaseInEaseOut"},{"timingFunction":"custom","timingControlPoint1y":0,"timingControlPoint2x":1,"timingControlPoint1x":0.17000000178813934,"timingControlPoint2y":1}],"beginTime":0,"values":[{"pointX":0,"pointY":0},{"pointX":39.19003433163045,"pointY":0.23480529080601967},{"pointX":2048,"pointY":0}],"repeatCount":0,"fillMode":"both","property":"transform.translation","autoreverses":false,"duration":2,"keyTimes":[0,0.29999999999999999,0.90000000000000002]},{"repeatCount":0,"timingControlPoint2y":1,"timingFunction":"custom","keyTimes":[0.29999999999999999,1],"values":[{"scalar":1},{"scalar":0}],"timeOffset":0,"autoreverses":false,"timingControlPoint1x":0.43000000715255737,"fillMode":"both","property":"opacity","duration":2,"beginTime":0,"timingControlPoint2x":0.72000002861022949,"timingControlPoint1y":0},{"timeOffset":0,"from":{"scalar":false},"beginTime":0,"repeatCount":0,"fillMode":"both","property":"hidden","autoreverses":false,"duration":2,"to":{"scalar":false}}],"fillMode":"both","autoreverses":false,"duration":2}],"layers":[],"texturedRectangle":{"isBackgroundTexture":true,"singleTextureOpacity":1,"textureType":5,"textBaseline":0,"textXHeight":0,"isVerticalText":false},"initialState":{"affineTransform":[1,0,0,1,0,0],"masksToBounds":false,"rotation":0,"scale":1,"position":{"pointX":153.73310445579699,"pointY":288.43463139462654},"width":310,"sublayerTransform":[1,0,0,0,0,1,0,0,0,0,1,0,0,0,0,1],"contentsRect":{"y":0,"x":0,"width":1,"height":1},"opacity":1,"edgeAntialiasingMask":0,"height":580,"hidden":false,"anchorPoint":{"pointX":0.5,"pointY":0.5}},"texture":"2F47EF0E4BBEBBFC8BF4557D27D6A183"}]}]},{"animations":[],"initialState":{"affineTransform":[1,0,0,1,0,0],"masksToBounds":false,"rotation":0,"scale":1,"position":{"pointX":595.70185207840291,"pointY":157.38014867525033},"width":258,"sublayerTransform":[1,0,0,0,0,1,0,0,0,0,1,0,0,0,0,1],"contentsRect":{"y":0,"x":0,"width":1,"height":1},"opacity":1,"edgeAntialiasingMask":251658240,"height":43,"hidden":false,"anchorPoint":{"pointX":0.5,"pointY":0.5}},"layers":[{"animations":[],"initialState":{"affineTransform":[1,0,0,1,0,0],"masksToBounds":false,"rotation":0,"scale":1,"position":{"pointX":45.298147921597092,"pointY":248.11985132474967},"width":258,"sublayerTransform":[1,0,0,0,0,1,0,0,0,0,1,-0.00049229876906403734,0,0,0,1],"contentsRect":{"y":0,"x":0,"width":1,"height":1},"opacity":1,"edgeAntialiasingMask":251658240,"height":43,"hidden":false,"anchorPoint":{"pointX":0.17557421675037632,"pointY":5.7702291005755741}},"layers":[{"animations":[{"timeOffset":0,"beginTime":0,"repeatCount":0,"animations":[{"timeOffset":0,"timingFunctions":[{"timingFunction":"custom","timingControlPoint1y":0,"timingControlPoint2x":0.72000002861022949,"timingControlPoint1x":0.43000000715255737,"timingControlPoint2y":1},{"timingFunction":"custom","timingControlPoint1y":0,"timingControlPoint2x":1,"timingControlPoint1x":0.17000000178813934,"timingControlPoint2y":1},{"timingFunction":"custom","timingControlPoint1y":0,"timingControlPoint2x":0.56999999284744263,"timingControlPoint1x":0.2800000011920929,"timingControlPoint2y":1}],"beginTime":0,"values":[{"scalar":0},{"scalar":1.0471975511965976},{"scalar":1.0471975511965976},{"scalar":0}],"repeatCount":0,"fillMode":"forwards","property":"transform.rotation.y","autoreverses":false,"duration":2,"keyTimes":[0,0.29999999999999999,0.69999999999999996,1]},{"timeOffset":0,"timingFunctions":[{"timingFunction":"custom","timingControlPoint1y":0,"timingControlPoint2x":0.75,"timingControlPoint1x":0.75,"timingControlPoint2y":1},{"timingFunction":"custom","timingControlPoint1y":0,"timingControlPoint2x":1,"timingControlPoint1x":0.17000000178813934,"timingControlPoint2y":1},{"timingFunction":"custom","timingControlPoint1y":0,"timingControlPoint2x":0.25,"timingControlPoint1x":0.25,"timingControlPoint2y":1}],"beginTime":0,"values":[{"scalar":0},{"scalar":0.78539816339744828},{"scalar":0.78539816339744828},{"scalar":0}],"repeatCount":0,"fillMode":"forwards","property":"transform.rotation.x","autoreverses":false,"duration":2,"keyTimes":[0,0.29999999999999999,0.69999999999999996,1]},{"timeOffset":0,"timingFunctions":[{"timingFunction":"custom","timingControlPoint1y":0,"timingControlPoint2x":0.72000002861022949,"timingControlPoint1x":0.43000000715255737,"timingControlPoint2y":1},{"timingFunction":"custom","timingControlPoint1y":0,"timingControlPoint2x":1,"timingControlPoint1x":0.17000000178813934,"timingControlPoint2y":1},{"timingFunction":"custom","timingControlPoint1y":0,"timingControlPoint2x":0.56999999284744263,"timingControlPoint1x":0.2800000011920929,"timingControlPoint2y":1}],"beginTime":0,"values":[{"scalar":1},{"scalar":0.80000000000000004},{"scalar":0.80000000000000004},{"scalar":1}],"repeatCount":0,"fillMode":"removed","property":"transform.scale.xy","autoreverses":false,"duration":2,"keyTimes":[0,0.29999999999999999,0.69999999999999996,1]},{"timeOffset":0,"timingFunctions":[{"timingFunction":"custom","timingControlPoint1y":0,"timingControlPoint2x":0.82999998331069946,"timingControlPoint1x":0,"timingControlPoint2y":1},{"timingFunction":"EaseInEaseOut"}],"beginTime":0,"values":[{"pointX":0,"pointY":768},{"pointX":-13.244722188239564,"pointY":30.357022301287547},{"pointX":0,"pointY":0}],"repeatCount":0,"fillMode":"both","property":"transform.translation","autoreverses":false,"duration":2,"keyTimes":[0.10000000000000001,0.69999999999999996,1]},{"repeatCount":0,"timingControlPoint2y":1,"timingFunction":"custom","keyTimes":[0,0.69999999999999996],"values":[{"scalar":0},{"scalar":1}],"timeOffset":0,"autoreverses":false,"timingControlPoint1x":0.2800000011920929,"fillMode":"both","property":"opacity","duration":2,"beginTime":0,"timingControlPoint2x":0.56999999284744263,"timingControlPoint1y":0},{"timeOffset":0,"from":{"scalar":false},"beginTime":0,"repeatCount":0,"fillMode":"both","property":"hidden","autoreverses":false,"duration":2,"to":{"scalar":false}}],"fillMode":"both","autoreverses":false,"duration":2}],"layers":[],"texturedRectangle":{"singleTextureOpacity":1,"textXHeight":0.42976744186046512,"textBaseline":0.74977339760756567,"isBackgroundTexture":true,"isVerticalText":false,"textColor":[0.9999966025352478,0.99999994039535522,0.99999994039535522,1],"textureType":6},"initialState":{"affineTransform":[1,0,0,1,0,0],"masksToBounds":false,"rotation":0,"scale":1,"position":{"pointX":131.29814792159709,"pointY":33.619851324749675},"width":258,"sublayerTransform":[1,0,0,0,0,1,0,0,0,0,1,0,0,0,0,1],"contentsRect":{"y":0,"x":0,"width":1,"height":1},"opacity":1,"edgeAntialiasingMask":0,"height":43,"hidden":true,"anchorPoint":{"pointX":0.5,"pointY":0.5}},"texture":"A30FF2F5BF19AB7F2E40214551C1147E"}]}]},{"animations":[],"initialState":{"affineTransform":[1,0,0,1,0,0],"masksToBounds":false,"rotation":0,"scale":1,"position":{"pointX":730.4202880859375,"pointY":435.69244289398193},"width":535,"sublayerTransform":[1,0,0,0,0,1,0,0,0,0,1,0,0,0,0,1],"contentsRect":{"y":0,"x":0,"width":1,"height":1},"opacity":1,"edgeAntialiasingMask":251658240,"height":447,"hidden":false,"anchorPoint":{"pointX":0.5,"pointY":0.5}},"layers":[{"animations":[],"initialState":{"affineTransform":[1,0,0,1,0,0],"masksToBounds":false,"rotation":0,"scale":1,"position":{"pointX":49.0797119140625,"pointY":171.80755710601807},"width":535,"sublayerTransform":[1,0,0,0,0,1,0,0,0,0,1,-0.00049229876906403734,0,0,0,1],"contentsRect":{"y":0,"x":0,"width":1,"height":1},"opacity":1,"edgeAntialiasingMask":251658240,"height":447,"hidden":false,"anchorPoint":{"pointX":0.091737779278621492,"pointY":0.38435695102017464}},"layers":[{"animations":[{"timeOffset":0,"beginTime":0,"repeatCount":0,"animations":[{"timeOffset":0,"timingFunctions":[{"timingFunction":"custom","timingControlPoint1y":0,"timingControlPoint2x":0.72000002861022949,"timingControlPoint1x":0.43000000715255737,"timingControlPoint2y":1},{"timingFunction":"custom","timingControlPoint1y":0,"timingControlPoint2x":1,"timingControlPoint1x":0.17000000178813934,"timingControlPoint2y":1},{"timingFunction":"custom","timingControlPoint1y":0,"timingControlPoint2x":0.56999999284744263,"timingControlPoint1x":0.2800000011920929,"timingControlPoint2y":1}],"beginTime":0,"values":[{"scalar":0},{"scalar":1.0471975511965976},{"scalar":1.0471975511965976},{"scalar":0}],"repeatCount":0,"fillMode":"forwards","property":"transform.rotation.y","autoreverses":false,"duration":2,"keyTimes":[0,0.29999999999999999,0.69999999999999996,1]},{"timeOffset":0,"timingFunctions":[{"timingFunction":"custom","timingControlPoint1y":0,"timingControlPoint2x":0.75,"timingControlPoint1x":0.75,"timingControlPoint2y":1},{"timingFunction":"custom","timingControlPoint1y":0,"timingControlPoint2x":1,"timingControlPoint1x":0.17000000178813934,"timingControlPoint2y":1},{"timingFunction":"custom","timingControlPoint1y":0,"timingControlPoint2x":0.25,"timingControlPoint1x":0.25,"timingControlPoint2y":1}],"beginTime":0,"values":[{"scalar":0},{"scalar":0.78539816339744828},{"scalar":0.78539816339744828},{"scalar":0}],"repeatCount":0,"fillMode":"forwards","property":"transform.rotation.x","autoreverses":false,"duration":2,"keyTimes":[0,0.29999999999999999,0.69999999999999996,1]},{"timeOffset":0,"timingFunctions":[{"timingFunction":"custom","timingControlPoint1y":0,"timingControlPoint2x":0.72000002861022949,"timingControlPoint1x":0.43000000715255737,"timingControlPoint2y":1},{"timingFunction":"custom","timingControlPoint1y":0,"timingControlPoint2x":1,"timingControlPoint1x":0.17000000178813934,"timingControlPoint2y":1},{"timingFunction":"custom","timingControlPoint1y":0,"timingControlPoint2x":0.56999999284744263,"timingControlPoint1x":0.2800000011920929,"timingControlPoint2y":1}],"beginTime":0,"values":[{"scalar":1},{"scalar":0.80000000000000004},{"scalar":0.80000000000000004},{"scalar":1}],"repeatCount":0,"fillMode":"removed","property":"transform.scale.xy","autoreverses":false,"duration":2,"keyTimes":[0,0.29999999999999999,0.69999999999999996,1]},{"timeOffset":0,"timingFunctions":[{"timingFunction":"custom","timingControlPoint1y":0,"timingControlPoint2x":0.82999998331069946,"timingControlPoint1x":0,"timingControlPoint2y":1},{"timingFunction":"EaseInEaseOut"}],"beginTime":0,"values":[{"pointX":-2048,"pointY":0},{"pointX":-33.686956787109374,"pointY":-9.1961335659027093},{"pointX":0,"pointY":0}],"repeatCount":0,"fillMode":"both","property":"transform.translation","autoreverses":false,"duration":2,"keyTimes":[0.10000000000000001,0.69999999999999996,1]},{"repeatCount":0,"timingControlPoint2y":1,"timingFunction":"custom","keyTimes":[0,0.69999999999999996],"values":[{"scalar":0},{"scalar":1}],"timeOffset":0,"autoreverses":false,"timingControlPoint1x":0.2800000011920929,"fillMode":"both","property":"opacity","duration":2,"beginTime":0,"timingControlPoint2x":0.56999999284744263,"timingControlPoint1y":0},{"timeOffset":0,"from":{"scalar":false},"beginTime":0,"repeatCount":0,"fillMode":"both","property":"hidden","autoreverses":false,"duration":2,"to":{"scalar":false}}],"fillMode":"both","autoreverses":false,"duration":2}],"layers":[],"texturedRectangle":{"singleTextureOpacity":1,"textXHeight":0.030067114093959731,"textBaseline":1.0848870650767213,"isBackgroundTexture":true,"isVerticalText":false,"textColor":[0.9999966025352478,0.99999994039535522,0.99999994039535522,1],"textureType":6},"initialState":{"affineTransform":[1,0,0,1,0,0],"masksToBounds":false,"rotation":0,"scale":1,"position":{"pointX":270.5797119140625,"pointY":228.30755710601807},"width":535,"sublayerTransform":[1,0,0,0,0,1,0,0,0,0,1,0,0,0,0,1],"contentsRect":{"y":0,"x":0,"width":1,"height":1},"opacity":1,"edgeAntialiasingMask":0,"height":447,"hidden":true,"anchorPoint":{"pointX":0.5,"pointY":0.5}},"texture":"B6FD4F6A50A6C7A3CBBA7E19414C919B"}]}]},{"animations":[],"initialState":{"affineTransform":[1,0,0,1,0,0],"masksToBounds":false,"rotation":0,"scale":1,"position":{"pointX":253.24300384521484,"pointY":385},"width":339,"sublayerTransform":[1,0,0,0,0,1,0,0,0,0,1,0,0,0,0,1],"contentsRect":{"y":0,"x":0,"width":1,"height":1},"opacity":1,"edgeAntialiasingMask":251658240,"height":488,"hidden":false,"anchorPoint":{"pointX":0.5,"pointY":0.5}},"layers":[{"animations":[],"initialState":{"affineTransform":[1,0,0,1,0,0],"masksToBounds":false,"rotation":0,"scale":1,"position":{"pointX":428.25699615478516,"pointY":243},"width":339,"sublayerTransform":[1,0,0,0,0,1,0,0,0,0,1,-0.00049229876906403734,0,0,0,1],"contentsRect":{"y":0,"x":0,"width":1,"height":1},"opacity":1,"edgeAntialiasingMask":251658240,"height":488,"hidden":false,"anchorPoint":{"pointX":1.2632949739079209,"pointY":0.49795081967213117}},"layers":[{"animations":[{"timeOffset":0,"beginTime":0,"repeatCount":0,"animations":[{"timeOffset":0,"timingFunctions":[{"timingFunction":"custom","timingControlPoint1y":0,"timingControlPoint2x":0.72000002861022949,"timingControlPoint1x":0.43000000715255737,"timingControlPoint2y":1},{"timingFunction":"custom","timingControlPoint1y":0,"timingControlPoint2x":1,"timingControlPoint1x":0.17000000178813934,"timingControlPoint2y":1},{"timingFunction":"custom","timingControlPoint1y":0,"timingControlPoint2x":0.56999999284744263,"timingControlPoint1x":0.2800000011920929,"timingControlPoint2y":1}],"beginTime":0,"values":[{"scalar":0},{"scalar":1.0471975511965976},{"scalar":1.0471975511965976},{"scalar":0}],"repeatCount":0,"fillMode":"forwards","property":"transform.rotation.y","autoreverses":false,"duration":2,"keyTimes":[0,0.29999999999999999,0.69999999999999996,1]},{"timeOffset":0,"timingFunctions":[{"timingFunction":"custom","timingControlPoint1y":0,"timingControlPoint2x":0.75,"timingControlPoint1x":0.75,"timingControlPoint2y":1},{"timingFunction":"custom","timingControlPoint1y":0,"timingControlPoint2x":1,"timingControlPoint1x":0.17000000178813934,"timingControlPoint2y":1},{"timingFunction":"custom","timingControlPoint1y":0,"timingControlPoint2x":0.25,"timingControlPoint1x":0.25,"timingControlPoint2y":1}],"beginTime":0,"values":[{"scalar":0},{"scalar":0.78539816339744828},{"scalar":0.78539816339744828},{"scalar":0}],"repeatCount":0,"fillMode":"forwards","property":"transform.rotation.x","autoreverses":false,"duration":2,"keyTimes":[0,0.29999999999999999,0.69999999999999996,1]},{"timeOffset":0,"timingFunctions":[{"timingFunction":"custom","timingControlPoint1y":0,"timingControlPoint2x":0.72000002861022949,"timingControlPoint1x":0.43000000715255737,"timingControlPoint2y":1},{"timingFunction":"custom","timingControlPoint1y":0,"timingControlPoint2x":1,"timingControlPoint1x":0.17000000178813934,"timingControlPoint2y":1},{"timingFunction":"custom","timingControlPoint1y":0,"timingControlPoint2x":0.56999999284744263,"timingControlPoint1x":0.2800000011920929,"timingControlPoint2y":1}],"beginTime":0,"values":[{"scalar":1},{"scalar":0.80000000000000004},{"scalar":0.80000000000000004},{"scalar":1}],"repeatCount":0,"fillMode":"removed","property":"transform.scale.xy","autoreverses":false,"duration":2,"keyTimes":[0,0.29999999999999999,0.69999999999999996,1]},{"timeOffset":0,"timingFunctions":[{"timingFunction":"custom","timingControlPoint1y":0,"timingControlPoint2x":0.82999998331069946,"timingControlPoint1x":0,"timingControlPoint2y":1},{"timingFunction":"EaseInEaseOut"}],"beginTime":0,"values":[{"pointX":0,"pointY":-768},{"pointX":39.336450576782227,"pointY":0.14999999999999999},{"pointX":0,"pointY":0}],"repeatCount":0,"fillMode":"both","property":"transform.translation","autoreverses":false,"duration":2,"keyTimes":[0.10000000000000001,0.69999999999999996,1]},{"repeatCount":0,"timingControlPoint2y":1,"timingFunction":"custom","keyTimes":[0,0.69999999999999996],"values":[{"scalar":0},{"scalar":1}],"timeOffset":0,"autoreverses":false,"timingControlPoint1x":0.2800000011920929,"fillMode":"both","property":"opacity","duration":2,"beginTime":0,"timingControlPoint2x":0.56999999284744263,"timingControlPoint1y":0},{"timeOffset":0,"from":{"scalar":false},"beginTime":0,"repeatCount":0,"fillMode":"both","property":"hidden","autoreverses":false,"duration":2,"to":{"scalar":false}}],"fillMode":"both","autoreverses":false,"duration":2}],"layers":[],"texturedRectangle":{"isBackgroundTexture":true,"singleTextureOpacity":1,"textureType":5,"textBaseline":0,"textXHeight":0,"isVerticalText":false},"initialState":{"affineTransform":[1,0,0,1,0,0],"masksToBounds":false,"rotation":0,"scale":1,"position":{"pointX":167.75699615478516,"pointY":243},"width":339,"sublayerTransform":[1,0,0,0,0,1,0,0,0,0,1,0,0,0,0,1],"contentsRect":{"y":0,"x":0,"width":1,"height":1},"opacity":1,"edgeAntialiasingMask":0,"height":488,"hidden":true,"anchorPoint":{"pointX":0.5,"pointY":0.5}},"texture":"231DC1E9F6205BE070C58A093B82724A"}]}]}]},"effects":[],"duration":2,"type":"transition","name":"apple:ca-isometric","objectID":"0"}],"automaticPlay":false,"hyperlinks":[],"accessibility":[{"text":"Test 1\\u2028Validate the ticket if the user forgets\\u2028While entering the train, a user forgets to validate the ticket, and the system notifies him\/Her\\u2028","targetRectangle":{"y":224.19243322331596,"x":495.69806281862458,"width":458.05500000000001,"height":116}},{"text":"Test 2\\u2028Redeem points for a free trip\\u2028While entering the train, a user forgets to validate the ticket, and the system notifies him\/her\\u2028","targetRectangle":{"y":378.19243322331596,"x":495.69806281862458,"width":458.05500000000001,"height":116}},{"text":"Test 3\\u2028Recharge monthly pass\\u2028The app notifies the user and (s)he wants to recharge it via the app","targetRectangle":{"y":532.1924332233159,"x":495.69806281862458,"width":441.98999999999995,"height":96}},{"text":"Captura de ecrã 2018-11-19, às 17.56.01.png","targetRectangle":{"y":95.565368605373493,"x":98.26689554420301,"width":306.95220947265625,"height":576.8692626953125}},{"text":"App & Sensors Testing","targetRectangle":{"y":136.31603454652512,"x":464.07789500828255,"width":400.96000000000004,"height":55}}],"baseLayer":{"animations":[],"initialState":{"affineTransform":[1,0,0,1,0,0],"masksToBounds":false,"rotation":0,"scale":1,"position":{"pointX":512,"pointY":384},"width":1024,"sublayerTransform":[1,0,0,0,0,1,0,0,0,0,1,0,0,0,0,1],"contentsRect":{"y":0,"x":0,"width":1,"height":1},"opacity":1,"edgeAntialiasingMask":251658240,"height":768,"hidden":false,"anchorPoint":{"pointX":0.5,"pointY":0.5}},"objectID":"0","layers":[{"animations":[],"initialState":{"affineTransform":[1,0,0,1,0,0],"masksToBounds":false,"rotation":0,"scale":1,"position":{"pointX":512,"pointY":384},"width":1024,"sublayerTransform":[1,0,0,0,0,1,0,0,0,0,1,-0.00049229876906403734,0,0,0,1],"contentsRect":{"y":0,"x":0,"width":1,"height":1},"opacity":1,"edgeAntialiasingMask":251658240,"height":768,"hidden":false,"anchorPoint":{"pointX":0.5,"pointY":0.5}},"layers":[{"animations":[],"initialState":{"affineTransform":[1,0,0,1,0,0],"masksToBounds":false,"rotation":0,"scale":1,"position":{"pointX":512,"pointY":384},"width":1024,"sublayerTransform":[1,0,0,0,0,1,0,0,0,0,1,0,0,0,0,1],"contentsRect":{"y":0,"x":0,"width":1,"height":1},"opacity":1,"edgeAntialiasingMask":251658240,"height":768,"hidden":false,"anchorPoint":{"pointX":0.5,"pointY":0.5}},"layers":[{"animations":[],"layers":[],"texturedRectangle":{"isBackgroundTexture":true,"singleTextureOpacity":1,"textureType":1,"textBaseline":0,"textXHeight":0,"isVerticalText":false},"initialState":{"affineTransform":[1,0,0,1,0,0],"masksToBounds":false,"rotation":0,"scale":1,"position":{"pointX":512,"pointY":384},"width":1024,"sublayerTransform":[1,0,0,0,0,1,0,0,0,0,1,0,0,0,0,1],"contentsRect":{"y":0,"x":0,"width":1,"height":1},"opacity":1,"edgeAntialiasingMask":0,"height":768,"hidden":false,"anchorPoint":{"pointX":0.5,"pointY":0.5}},"texture":"DB8451458D98EFA7506DBEBC2B1323F0"}]},{"animations":[],"initialState":{"affineTransform":[1,0,0,1,0,0],"masksToBounds":false,"rotation":0,"scale":1,"position":{"pointX":512,"pointY":384},"width":1024,"sublayerTransform":[1,0,0,0,0,1,0,0,0,0,1,0,0,0,0,1],"contentsRect":{"y":0,"x":0,"width":1,"height":1},"opacity":1,"edgeAntialiasingMask":251658240,"height":768,"hidden":false,"anchorPoint":{"pointX":0.5,"pointY":0.5}},"layers":[{"animations":[],"layers":[],"texturedRectangle":{"isBackgroundTexture":true,"singleTextureOpacity":1,"textureType":1,"textBaseline":0,"textXHeight":0,"isVerticalText":false},"initialState":{"affineTransform":[1,0,0,1,0,0],"masksToBounds":false,"rotation":0,"scale":1,"position":{"pointX":512,"pointY":384},"width":1024,"sublayerTransform":[1,0,0,0,0,1,0,0,0,0,1,0,0,0,0,1],"contentsRect":{"y":0,"x":0,"width":1,"height":1},"opacity":1,"edgeAntialiasingMask":0,"height":768,"hidden":false,"anchorPoint":{"pointX":0.5,"pointY":0.5}},"texture":"DB8451458D98EFA7506DBEBC2B1323F0"}]}]},{"animations":[],"initialState":{"affineTransform":[1,0,0,1,0,0],"masksToBounds":false,"rotation":0,"scale":1,"position":{"pointX":660.57789500828255,"pointY":153.31603454652512},"width":402,"sublayerTransform":[1,0,0,0,0,1,0,0,0,0,1,0,0,0,0,1],"contentsRect":{"y":0,"x":0,"width":1,"height":1},"opacity":1,"edgeAntialiasingMask":251658240,"height":42,"hidden":false,"anchorPoint":{"pointX":0.5,"pointY":0.5}},"layers":[{"animations":[],"initialState":{"affineTransform":[1,0,0,1,0,0],"masksToBounds":false,"rotation":0,"scale":1,"position":{"pointX":52.422104991717447,"pointY":251.68396545347488},"width":402,"sublayerTransform":[1,0,0,0,0,1,0,0,0,0,1,-0.00049229876906403734,0,0,0,1],"contentsRect":{"y":0,"x":0,"width":1,"height":1},"opacity":1,"edgeAntialiasingMask":251658240,"height":42,"hidden":false,"anchorPoint":{"pointX":0.13040324624805336,"pointY":5.9924753679398783}},"layers":[{"animations":[],"layers":[],"texturedRectangle":{"singleTextureOpacity":1,"textXHeight":0.44,"textBaseline":0.73038433258095514,"isBackgroundTexture":true,"isVerticalText":false,"textColor":[0.9999966025352478,0.99999994039535522,0.99999994039535522,1],"textureType":6},"initialState":{"affineTransform":[1,0,0,1,0,0],"masksToBounds":false,"rotation":0,"scale":1,"position":{"pointX":203.42210499171745,"pointY":34.683965453474883},"width":402,"sublayerTransform":[1,0,0,0,0,1,0,0,0,0,1,0,0,0,0,1],"contentsRect":{"y":0,"x":0,"width":1,"height":1},"opacity":1,"edgeAntialiasingMask":0,"height":42,"hidden":false,"anchorPoint":{"pointX":0.5,"pointY":0.5}},"texture":"68E480F0EDFFB326E69646D6E7A441FF"}]}]},{"animations":[],"initialState":{"affineTransform":[1,0,0,1,0,0],"masksToBounds":false,"rotation":0,"scale":1,"position":{"pointX":705.4202846699734,"pointY":435.69243322331596},"width":485,"sublayerTransform":[1,0,0,0,0,1,0,0,0,0,1,0,0,0,0,1],"contentsRect":{"y":0,"x":0,"width":1,"height":1},"opacity":1,"edgeAntialiasingMask":251658240,"height":431,"hidden":false,"anchorPoint":{"pointX":0.5,"pointY":0.5}},"layers":[{"animations":[],"initialState":{"affineTransform":[1,0,0,1,0,0],"masksToBounds":false,"rotation":0,"scale":1,"position":{"pointX":49.079715330026602,"pointY":163.80756677668404},"width":485,"sublayerTransform":[1,0,0,0,0,1,0,0,0,0,1,-0.00049229876906403734,0,0,0,1],"contentsRect":{"y":0,"x":0,"width":1,"height":1},"opacity":1,"edgeAntialiasingMask":251658240,"height":431,"hidden":false,"anchorPoint":{"pointX":0.10119528934026104,"pointY":0.38006396003871007}},"layers":[{"animations":[],"layers":[],"texturedRectangle":{"singleTextureOpacity":1,"textXHeight":0.031183294663573086,"textBaseline":1.0880383025954257,"isBackgroundTexture":true,"isVerticalText":false,"textColor":[0.9999966025352478,0.99999994039535522,0.99999994039535522,1],"textureType":6},"initialState":{"affineTransform":[1,0,0,1,0,0],"masksToBounds":false,"rotation":0,"scale":1,"position":{"pointX":245.57971533002654,"pointY":220.30756677668404},"width":485,"sublayerTransform":[1,0,0,0,0,1,0,0,0,0,1,0,0,0,0,1],"contentsRect":{"y":0,"x":0,"width":1,"height":1},"opacity":1,"edgeAntialiasingMask":0,"height":431,"hidden":false,"anchorPoint":{"pointX":0.5,"pointY":0.5}},"texture":"562CFB63B5AD76CCD52D71D7DD2A4C9F"}]}]},{"animations":[],"initialState":{"affineTransform":[1,0,0,1,0,0],"masksToBounds":false,"rotation":0,"scale":1,"position":{"pointX":253.26689554420301,"pointY":385.56536860537346},"width":310,"sublayerTransform":[1,0,0,0,0,1,0,0,0,0,1,0,0,0,0,1],"contentsRect":{"y":0,"x":0,"width":1,"height":1},"opacity":1,"edgeAntialiasingMask":251658240,"height":580,"hidden":false,"anchorPoint":{"pointX":0.5,"pointY":0.5}},"layers":[{"animations":[],"initialState":{"affineTransform":[1,0,0,1,0,0],"masksToBounds":false,"rotation":0,"scale":1,"position":{"pointX":413.73310445579699,"pointY":288.43463139462654},"width":310,"sublayerTransform":[1,0,0,0,0,1,0,0,0,0,1,-0.00049229876906403734,0,0,0,1],"contentsRect":{"y":0,"x":0,"width":1,"height":1},"opacity":1,"edgeAntialiasingMask":251658240,"height":580,"hidden":false,"anchorPoint":{"pointX":1.3346229175993451,"pointY":0.49730108861142508}},"layers":[{"animations":[],"layers":[],"texturedRectangle":{"isBackgroundTexture":true,"singleTextureOpacity":1,"textureType":5,"textBaseline":0,"textXHeight":0,"isVerticalText":false},"initialState":{"affineTransform":[1,0,0,1,0,0],"masksToBounds":false,"rotation":0,"scale":1,"position":{"pointX":153.73310445579699,"pointY":288.43463139462654},"width":310,"sublayerTransform":[1,0,0,0,0,1,0,0,0,0,1,0,0,0,0,1],"contentsRect":{"y":0,"x":0,"width":1,"height":1},"opacity":1,"edgeAntialiasingMask":0,"height":580,"hidden":false,"anchorPoint":{"pointX":0.5,"pointY":0.5}},"texture":"2F47EF0E4BBEBBFC8BF4557D27D6A183"}]}]},{"animations":[],"initialState":{"affineTransform":[1,0,0,1,0,0],"masksToBounds":false,"rotation":0,"scale":1,"position":{"pointX":595.70185207840291,"pointY":157.38014867525033},"width":258,"sublayerTransform":[1,0,0,0,0,1,0,0,0,0,1,0,0,0,0,1],"contentsRect":{"y":0,"x":0,"width":1,"height":1},"opacity":1,"edgeAntialiasingMask":251658240,"height":43,"hidden":false,"anchorPoint":{"pointX":0.5,"pointY":0.5}},"layers":[{"animations":[],"initialState":{"affineTransform":[1,0,0,1,0,0],"masksToBounds":false,"rotation":0,"scale":1,"position":{"pointX":45.298147921597092,"pointY":248.11985132474967},"width":258,"sublayerTransform":[1,0,0,0,0,1,0,0,0,0,1,-0.00049229876906403734,0,0,0,1],"contentsRect":{"y":0,"x":0,"width":1,"height":1},"opacity":1,"edgeAntialiasingMask":251658240,"height":43,"hidden":false,"anchorPoint":{"pointX":0.17557421675037632,"pointY":5.7702291005755741}},"layers":[{"animations":[],"layers":[],"texturedRectangle":{"singleTextureOpacity":1,"textXHeight":0.42976744186046512,"textBaseline":0.74977339760756567,"isBackgroundTexture":true,"isVerticalText":false,"textColor":[0.9999966025352478,0.99999994039535522,0.99999994039535522,1],"textureType":6},"initialState":{"affineTransform":[1,0,0,1,0,0],"masksToBounds":false,"rotation":0,"scale":1,"position":{"pointX":131.29814792159709,"pointY":33.619851324749675},"width":258,"sublayerTransform":[1,0,0,0,0,1,0,0,0,0,1,0,0,0,0,1],"contentsRect":{"y":0,"x":0,"width":1,"height":1},"opacity":1,"edgeAntialiasingMask":0,"height":43,"hidden":true,"anchorPoint":{"pointX":0.5,"pointY":0.5}},"texture":"A30FF2F5BF19AB7F2E40214551C1147E"}]}]},{"animations":[],"initialState":{"affineTransform":[1,0,0,1,0,0],"masksToBounds":false,"rotation":0,"scale":1,"position":{"pointX":730.4202880859375,"pointY":435.69244289398193},"width":535,"sublayerTransform":[1,0,0,0,0,1,0,0,0,0,1,0,0,0,0,1],"contentsRect":{"y":0,"x":0,"width":1,"height":1},"opacity":1,"edgeAntialiasingMask":251658240,"height":447,"hidden":false,"anchorPoint":{"pointX":0.5,"pointY":0.5}},"layers":[{"animations":[],"initialState":{"affineTransform":[1,0,0,1,0,0],"masksToBounds":false,"rotation":0,"scale":1,"position":{"pointX":49.0797119140625,"pointY":171.80755710601807},"width":535,"sublayerTransform":[1,0,0,0,0,1,0,0,0,0,1,-0.00049229876906403734,0,0,0,1],"contentsRect":{"y":0,"x":0,"width":1,"height":1},"opacity":1,"edgeAntialiasingMask":251658240,"height":447,"hidden":false,"anchorPoint":{"pointX":0.091737779278621492,"pointY":0.38435695102017464}},"layers":[{"animations":[],"layers":[],"texturedRectangle":{"singleTextureOpacity":1,"textXHeight":0.030067114093959731,"textBaseline":1.0848870650767213,"isBackgroundTexture":true,"isVerticalText":false,"textColor":[0.9999966025352478,0.99999994039535522,0.99999994039535522,1],"textureType":6},"initialState":{"affineTransform":[1,0,0,1,0,0],"masksToBounds":false,"rotation":0,"scale":1,"position":{"pointX":270.5797119140625,"pointY":228.30755710601807},"width":535,"sublayerTransform":[1,0,0,0,0,1,0,0,0,0,1,0,0,0,0,1],"contentsRect":{"y":0,"x":0,"width":1,"height":1},"opacity":1,"edgeAntialiasingMask":0,"height":447,"hidden":true,"anchorPoint":{"pointX":0.5,"pointY":0.5}},"texture":"B6FD4F6A50A6C7A3CBBA7E19414C919B"}]}]},{"animations":[],"initialState":{"affineTransform":[1,0,0,1,0,0],"masksToBounds":false,"rotation":0,"scale":1,"position":{"pointX":253.24300384521484,"pointY":385},"width":339,"sublayerTransform":[1,0,0,0,0,1,0,0,0,0,1,0,0,0,0,1],"contentsRect":{"y":0,"x":0,"width":1,"height":1},"opacity":1,"edgeAntialiasingMask":251658240,"height":488,"hidden":false,"anchorPoint":{"pointX":0.5,"pointY":0.5}},"layers":[{"animations":[],"initialState":{"affineTransform":[1,0,0,1,0,0],"masksToBounds":false,"rotation":0,"scale":1,"position":{"pointX":428.25699615478516,"pointY":243},"width":339,"sublayerTransform":[1,0,0,0,0,1,0,0,0,0,1,-0.00049229876906403734,0,0,0,1],"contentsRect":{"y":0,"x":0,"width":1,"height":1},"opacity":1,"edgeAntialiasingMask":251658240,"height":488,"hidden":false,"anchorPoint":{"pointX":1.2632949739079209,"pointY":0.49795081967213117}},"layers":[{"animations":[],"layers":[],"texturedRectangle":{"isBackgroundTexture":true,"singleTextureOpacity":1,"textureType":5,"textBaseline":0,"textXHeight":0,"isVerticalText":false},"initialState":{"affineTransform":[1,0,0,1,0,0],"masksToBounds":false,"rotation":0,"scale":1,"position":{"pointX":167.75699615478516,"pointY":243},"width":339,"sublayerTransform":[1,0,0,0,0,1,0,0,0,0,1,0,0,0,0,1],"contentsRect":{"y":0,"x":0,"width":1,"height":1},"opacity":1,"edgeAntialiasingMask":0,"height":488,"hidden":true,"anchorPoint":{"pointX":0.5,"pointY":0.5}},"texture":"231DC1E9F6205BE070C58A093B82724A"}]}]}]}}]}